<?xml version="1.0" encoding="UTF-8"?>
<project-private xmlns="http://www.netbeans.org/ns/project-private/1">
    <editor-bookmarks xmlns="http://www.netbeans.org/ns/editor-bookmarks/2" lastBookmarkId="0"/>
    <open-files xmlns="http://www.netbeans.org/ns/projectui-open-files/2">
        <group>
            <file>file:/C:/Users/Dalia/OneDrive%20-%20King%20Suad%20University/Desktop/csc112/src/csc112/CustomerNode.java</file>
            <file>file:/C:/Users/Dalia/OneDrive%20-%20King%20Suad%20University/Desktop/csc112/src/csc112/LinkedList.java</file>
            <file>file:/C:/Users/Dalia/OneDrive%20-%20King%20Suad%20University/Desktop/csc112/src/csc112/OrderNode.java</file>
            <file>file:/C:/Users/Dalia/OneDrive%20-%20King%20Suad%20University/Desktop/csc112/src/csc112/CustomerDataStructure.java</file>
            <file>file:/C:/Users/Dalia/OneDrive%20-%20King%20Suad%20University/Desktop/csc112/src/csc112/OrderDataStructure.java</file>
            <file>file:/C:/Users/Dalia/OneDrive%20-%20King%20Suad%20University/Desktop/csc112/src/csc112/ProductDataStructure.java</file>
            <file>file:/C:/Users/Dalia/OneDrive%20-%20King%20Suad%20University/Desktop/csc112/src/csc112/ProductNode.java</file>
            <file>file:/C:/Users/Dalia/OneDrive%20-%20King%20Suad%20University/Desktop/csc112/src/csc112/ReviewDataStructure.java</file>
            <file>file:/C:/Users/Dalia/OneDrive%20-%20King%20Suad%20University/Desktop/csc112/src/csc112/ECommerceSystem.java</file>
            <file>file:/C:/Users/Dalia/OneDrive%20-%20King%20Suad%20University/Desktop/csc112/src/csc112/ReviewNode.java</file>
        </group>
    </open-files>
</project-private>
